feature,importance
service_encoded,0.21540546193980892
conn_state_encoded,0.20824173080531885
duration,0.12783262880637072
resp_bytes,0.0959625474731759
orig_bytes,0.08313286738055986
resp_ip_bytes,0.0830013709161869
orig_ip_bytes,0.04799359652048268
orig_pkts,0.03444442165160663
resp_pkts,0.030746694999248952
proto_encoded,0.022023065940099614
pkts_per_second,0.02167072296280932
bytes_per_second,0.015339967804624958
bytes_ratio,0.011499174012225298
pkts_ratio,0.002705748787481281
