模型,准确率,精确率,召回率,F1分数,误报率,漏报率,推理时间(ms),内存占用(MB)
SVM,0.995,1.0,0.975,0.9873417721518988,0.0,0.025,0.0686788558959961,386.203125
KNN,0.993,0.9974226804123711,0.9675,0.9822335025380711,0.000625,0.0325,0.31094789505004883,386.171875
LightweightAutoEncoder,0.951,0.8132780082987552,0.98,0.8888888888888888,0.05625,0.02,0.04828691482543945,386.078125
LightweightIsolationForest,0.8195,0.5286343612334802,0.9,0.666049953746531,0.200625,0.1,2.0177149772644043,385.953125
